-- phpMyAdmin SQL Dump
-- version 5.1.1
-- https://www.phpmyadmin.net/
--
-- 主機： 127.0.0.1
-- 產生時間： 2021-12-03 09:38:01
-- 伺服器版本： 10.4.21-MariaDB
-- PHP 版本： 7.4.23

SET SQL_MODE = "NO_AUTO_VALUE_ON_ZERO";
START TRANSACTION;
SET time_zone = "+00:00";


/*!40101 SET @OLD_CHARACTER_SET_CLIENT=@@CHARACTER_SET_CLIENT */;
/*!40101 SET @OLD_CHARACTER_SET_RESULTS=@@CHARACTER_SET_RESULTS */;
/*!40101 SET @OLD_COLLATION_CONNECTION=@@COLLATION_CONNECTION */;
/*!40101 SET NAMES utf8mb4 */;

--
-- 資料庫: `mypolling`
--

-- --------------------------------------------------------

--
-- 資料表結構 `ad`
--

CREATE TABLE `ad` (
  `id` int(11) UNSIGNED NOT NULL,
  `name` varchar(64) COLLATE utf8mb4_unicode_520_ci NOT NULL,
  `sh` tinyint(1) UNSIGNED NOT NULL,
  `intro` varchar(64) COLLATE utf8mb4_unicode_520_ci DEFAULT NULL
) ENGINE=InnoDB DEFAULT CHARSET=utf8mb4 COLLATE=utf8mb4_unicode_520_ci;

--
-- 傾印資料表的資料 `ad`
--

INSERT INTO `ad` (`id`, `name`, `sh`, `intro`) VALUES
(8, 'image-06.jpg', 1, '準備睡覺的小花'),
(9, 'image-10.jpg', 1, '金針花海');

-- --------------------------------------------------------

--
-- 資料表結構 `options`
--

CREATE TABLE `options` (
  `id` int(11) UNSIGNED NOT NULL,
  `opt` varchar(128) COLLATE utf8mb4_unicode_520_ci NOT NULL,
  `count` int(11) UNSIGNED NOT NULL DEFAULT 0,
  `topic_id` int(11) UNSIGNED NOT NULL
) ENGINE=InnoDB DEFAULT CHARSET=utf8mb4 COLLATE=utf8mb4_unicode_520_ci;

--
-- 傾印資料表的資料 `options`
--

INSERT INTO `options` (`id`, `opt`, `count`, `topic_id`) VALUES
(1, '大衣', 2, 5),
(2, '短袖', 1, 5),
(3, '長袖', 0, 5),
(4, '汗衫', 2, 5),
(9, '粥', 0, 1),
(10, 'M', 0, 1),
(11, '麵', 0, 1),
(13, '回家', 1, 3),
(17, '1111', 0, 3),
(21, '大披薩', 0, 2),
(22, '肯德基', 0, 2),
(24, '酸辣粉', 0, 2),
(25, '李家肉羹', 0, 2),
(27, '好', 0, 6),
(28, '不好', 1, 6),
(29, '想吃飯', 0, 6),
(30, '減肥中', 0, 6);

-- --------------------------------------------------------

--
-- 資料表結構 `topics`
--

CREATE TABLE `topics` (
  `id` int(11) UNSIGNED NOT NULL,
  `topic` varchar(128) COLLATE utf8mb4_unicode_520_ci NOT NULL
) ENGINE=InnoDB DEFAULT CHARSET=utf8mb4 COLLATE=utf8mb4_unicode_520_ci;

--
-- 傾印資料表的資料 `topics`
--

INSERT INTO `topics` (`id`, `topic`) VALUES
(1, '今天晚餐吃什麼'),
(2, '亂打一通'),
(3, '最後一次了'),
(5, '明天穿什麼好?'),
(6, '今晚吃火鍋好不?');

-- --------------------------------------------------------

--
-- 資料表結構 `users`
--

CREATE TABLE `users` (
  `id` int(11) UNSIGNED NOT NULL,
  `account` varchar(12) COLLATE utf8mb4_unicode_520_ci NOT NULL,
  `password` varchar(12) COLLATE utf8mb4_unicode_520_ci NOT NULL,
  `email` varchar(24) COLLATE utf8mb4_unicode_520_ci NOT NULL,
  `name` varchar(12) COLLATE utf8mb4_unicode_520_ci NOT NULL,
  `gender` varchar(1) COLLATE utf8mb4_unicode_520_ci NOT NULL,
  `birthday` date NOT NULL
) ENGINE=InnoDB DEFAULT CHARSET=utf8mb4 COLLATE=utf8mb4_unicode_520_ci;

--
-- 傾印資料表的資料 `users`
--

INSERT INTO `users` (`id`, `account`, `password`, `email`, `name`, `gender`, `birthday`) VALUES
(1, 'mack', '1234', 'macklun@ms7.hinet.net', '劉勤永', '男', '1974-10-07');

--
-- 已傾印資料表的索引
--

--
-- 資料表索引 `ad`
--
ALTER TABLE `ad`
  ADD PRIMARY KEY (`id`);

--
-- 資料表索引 `options`
--
ALTER TABLE `options`
  ADD PRIMARY KEY (`id`);

--
-- 資料表索引 `topics`
--
ALTER TABLE `topics`
  ADD PRIMARY KEY (`id`);

--
-- 資料表索引 `users`
--
ALTER TABLE `users`
  ADD PRIMARY KEY (`id`);

--
-- 在傾印的資料表使用自動遞增(AUTO_INCREMENT)
--

--
-- 使用資料表自動遞增(AUTO_INCREMENT) `ad`
--
ALTER TABLE `ad`
  MODIFY `id` int(11) UNSIGNED NOT NULL AUTO_INCREMENT, AUTO_INCREMENT=10;

--
-- 使用資料表自動遞增(AUTO_INCREMENT) `options`
--
ALTER TABLE `options`
  MODIFY `id` int(11) UNSIGNED NOT NULL AUTO_INCREMENT, AUTO_INCREMENT=31;

--
-- 使用資料表自動遞增(AUTO_INCREMENT) `topics`
--
ALTER TABLE `topics`
  MODIFY `id` int(11) UNSIGNED NOT NULL AUTO_INCREMENT, AUTO_INCREMENT=7;

--
-- 使用資料表自動遞增(AUTO_INCREMENT) `users`
--
ALTER TABLE `users`
  MODIFY `id` int(11) UNSIGNED NOT NULL AUTO_INCREMENT, AUTO_INCREMENT=2;
COMMIT;

/*!40101 SET CHARACTER_SET_CLIENT=@OLD_CHARACTER_SET_CLIENT */;
/*!40101 SET CHARACTER_SET_RESULTS=@OLD_CHARACTER_SET_RESULTS */;
/*!40101 SET COLLATION_CONNECTION=@OLD_COLLATION_CONNECTION */;
